{"bounds":{"east":108.671350479126,"north":33.9866352081299,"south":33.0114269256592,"west":108.017320632935},"contentType":"quantizedmesh","latLonBounds":{"east":108.671350479126,"north":33.9866352081299,"south":33.0114269256592,"west":108.017320632935},"maxzoom":14,"minzoom":0,"proj":4326,"tiletrans":"tms","type":"terrain","ziped":false}