{"bounds":{"east":109.000082015991,"north":34.0001964569092,"south":32.9997539520264,"west":107.999639511108},"contentType":"quantizedmesh","latLonBounds":{"east":109.000082015991,"north":34.0001964569092,"south":32.9997539520264,"west":107.999639511108},"maxzoom":14,"minzoom":0,"proj":4326,"tiletrans":"tms","type":"terrain","ziped":false}