{"bounds":{"east":108.000154495239,"north":35.0001239776611,"south":33.9996814727783,"west":106.999711990356},"contentType":"quantizedmesh","latLonBounds":{"east":108.000154495239,"north":35.0001239776611,"south":33.9996814727783,"west":106.999711990356},"maxzoom":14,"minzoom":0,"proj":4326,"tiletrans":"tms","type":"terrain","ziped":false}