{"bounds":{"east":108.986864089966,"north":33.997106552124,"south":33.0140018463135,"west":108.449220657349},"contentType":"quantizedmesh","latLonBounds":{"east":108.986864089966,"north":33.997106552124,"south":33.0140018463135,"west":108.449220657349},"maxzoom":14,"minzoom":0,"proj":4326,"tiletrans":"tms","type":"terrain","ziped":false}